"date","close","volume","open","high","low"

"2017/09/01","79.1500","517796.0000","79.0300","79.4000","78.8450"
"2017/08/31","78.7100","488028.0000","78.7100","79.0000","78.4500"
"2017/08/30","78.3000","292355.0000","77.7400","78.3400","77.4500"
"2017/08/29","77.7700","271894.0000","77.7200","78.3400","77.7000"
"2017/08/28","78.0500","425135.0000","77.9700","78.2500","77.8200"
"2017/08/25","77.6200","376784.0000","77.5800","77.8100","77.4300"
"2017/08/24","77.1500","360224.0000","77.2400","77.5400","76.8200"
"2017/08/23","77.0900","611622.0000","77.8100","77.8528","76.7900"
"2017/08/22","78.0800","508140.0000","77.6800","78.3200","77.2800"
"2017/08/21","77.4800","382553.0000","78.2000","78.3200","77.4200"
"2017/08/18","78.1700","327935.0000","78.5800","78.8700","78.0600"
"2017/08/17","78.8300","493709.0000","79.1800","79.9600","78.7600"
"2017/08/16","79.2900","404052.0000","79.0400","79.6300","78.8900"
"2017/08/15","78.9500","271390.0000","79.5000","79.5000","78.7400"
"2017/08/14","79.4700","420939.0000","79.8400","80.0300","79.0800"
"2017/08/11","79.2800","354138.0000","78.9300","79.7700","78.6300"
"2017/08/10","78.9200","460653.0000","80.1900","80.4800","78.8600"
"2017/08/09","80.5900","354308.0000","81.3100","81.5200","80.4600"
"2017/08/08","81.3700","468618.0000","81.9100","82.2540","81.3100"
"2017/08/07","81.9900","321388.0000","81.3300","82.0600","80.8200"
"2017/08/04","81.3200","343885.0000","80.8600","81.3200","80.4600"
"2017/08/03","80.7600","372257.0000","80.9900","81.1100","80.1400"
"2017/08/02","80.8500","521661.0000","81.1800","81.3800","79.8600"
"2017/08/01","81.4700","878762.0000","81.6300","82.6200","80.9401"
"2017/07/31","81.2400","615596.0000","81.5600","81.8900","80.7400"
"2017/07/28","81.4000","736598.0000","81.3100","82.0000","80.2300"
"2017/07/27","81.2000","1371760.0000","78.9900","81.2600","77.6200"
"2017/07/26","78.4900","853370.0000","79.0300","79.4000","78.4800"
"2017/07/25","79.1000","681675.0000","80.8200","81.0700","78.7500"
"2017/07/24","80.3100","286016.0000","80.3400","80.6950","79.6900"
"2017/07/21","80.4100","401381.0000","80.8100","81.2800","80.1200"
"2017/07/20","81.0900","514073.0000","80.8700","81.1350","80.1200"
"2017/07/19","80.7000","303061.0000","80.7100","81.0000","80.5000"
"2017/07/18","80.6000","374270.0000","80.6000","80.8900","80.1500"
"2017/07/17","80.8300","295821.0000","80.7800","80.8500","80.4600"
"2017/07/14","80.7700","438662.0000","80.8100","81.2900","80.4500"
"2017/07/13","80.7900","541626.0000","81.9800","82.6900","80.6100"
"2017/07/12","81.9900","375017.0000","82.0400","82.5300","81.5900"
"2017/07/11","81.4700","354688.0000","81.3800","81.8400","81.0300"
"2017/07/10","81.5300","472625.0000","81.3500","81.8500","81.0900"
"2017/07/07","81.2200","405522.0000","80.8500","81.6400","80.2200"
"2017/07/06","80.6600","424548.0000","81.9200","81.9200","80.5000"
"2017/07/05","82.1400","416866.0000","81.5500","82.9000","81.3600"
"2017/07/03","81.3700","217195.0000","81.5700","81.8350","81.3500"
"2017/06/30","81.1200","457216.0000","80.0900","81.5000","80.0900"
"2017/06/29","79.8200","542950.0000","81.2600","81.2600","78.9100"
"2017/06/28","81.2400","264581.0000","81.1200","81.8300","80.8800"
"2017/06/27","80.5900","456052.0000","81.2500","81.6200","80.4900"
"2017/06/26","81.4100","236804.0000","81.6700","81.9600","81.2700"
"2017/06/23","81.4500","590621.0000","81.2100","82.1800","80.9900"
"2017/06/22","81.1900","298959.0000","81.4900","81.9000","81.1700"
"2017/06/21","81.5100","437801.0000","82.1000","82.1000","81.3400"
"2017/06/20","81.9100","520916.0000","81.6800","82.7700","81.5000"
"2017/06/19","82.1700","403117.0000","82.0400","82.3800","81.6600"
"2017/06/16","81.5800","822493.0000","81.0200","81.9300","80.7600"
"2017/06/15","80.7500","601235.0000","79.3200","80.8300","79.0400"
"2017/06/14","79.7500","563067.0000","79.6900","80.1200","79.4300"
"2017/06/13","79.2800","611443.0000","78.1900","79.4000","77.8100"
"2017/06/12","78.4500","1033300.0000","77.3600","78.4900","76.4700"
"2017/06/09","77.2300","756978.0000","77.8300","78.2200","76.9000"
"2017/06/08","77.6500","723066.0000","78.2000","78.5700","77.3700"
"2017/06/07","78.3300","511643.0000","78.6100","79.0400","78.1200"
"2017/06/06","78.5400","510895.0000","79.7600","80.4000","78.4700"
"2017/06/05","80.0000","498559.0000","80.0000","80.3700","79.6350"
"2017/06/02","80.0600","703957.0000","79.0500","80.1700","78.8700"
"2017/06/01","79.1400","908003.0000","79.0200","79.5500","78.8000"
"2017/05/31","78.6300","3932985.0000","78.6200","79.1700","77.7600"
"2017/05/30","78.4600","855338.0000","79.3500","79.3500","78.2500"
"2017/05/26","79.3800","655882.0000","79.3600","79.6800","79.1100"
"2017/05/25","79.4600","645480.0000","79.2900","79.6900","79.0500"
"2017/05/24","79.0500","702044.0000","79.0000","79.2425","78.6500"
"2017/05/23","78.9000","823811.0000","79.5000","79.7100","78.7600"
"2017/05/22","79.4600","798788.0000","79.2000","79.9900","79.2000"
"2017/05/19","79.0600","1065279.0000","77.8300","79.4500","77.4600"
"2017/05/18","77.3200","656445.0000","76.8300","77.7600","76.2600"
"2017/05/17","77.0100","1009658.0000","77.5400","77.8300","76.8650"
"2017/05/16","78.4800","1238911.0000","77.6000","78.7000","77.5800"
"2017/05/15","77.2400","581211.0000","76.7000","77.5700","76.7000"
"2017/05/12","76.7300","415823.0000","77.1600","77.3100","76.6400"
"2017/05/11","77.2900","900001.0000","76.4500","77.3100","75.9450"
"2017/05/10","76.8300","613200.0000","76.7600","76.9400","75.8500"
"2017/05/09","76.9800","438192.0000","77.1100","77.2000","76.7500"
"2017/05/08","76.8000","573391.0000","77.2800","77.5700","76.4000"
"2017/05/05","77.5000","809520.0000","77.5600","77.9400","77.0000"
"2017/05/04","77.3500","919662.0000","77.5900","77.9200","76.9800"
"2017/05/03","77.2800","828794.0000","77.2400","77.6200","76.6800"
"2017/05/02","77.6200","698610.0000","77.9800","78.2300","77.3000"
"2017/05/01","77.7000","716480.0000","78.7000","78.7000","77.6200"
"2017/04/28","78.6400","1349790.0000","80.0600","80.3400","78.4100"
"2017/04/27","80.6200","1602295.0000","82.0000","82.0000","79.8025"
"2017/04/26","79.7200","1522045.0000","78.8500","79.9700","78.1100"
"2017/04/25","78.7500","400309.0000","78.6500","79.0900","78.3200"
"2017/04/24","78.2400","711800.0000","78.8700","79.1900","77.7400"
"2017/04/21","77.9100","750792.0000","77.6900","78.2200","77.5900"
"2017/04/20","77.7200","417235.0000","77.1200","78.0500","76.8800"
"2017/04/19","76.8300","666267.0000","76.2800","77.3400","76.2800"
"2017/04/18","75.9400","418377.0000","75.9800","76.1400","75.6100"
"2017/04/17","76.2300","414337.0000","75.2800","76.2300","75.1950"
"2017/04/13","75.1100","926120.0000","75.1400","75.5500","74.8300"
"2017/04/12","75.2400","824363.0000","75.2700","75.4500","74.4000"
"2017/04/11","75.2900","761355.0000","74.7200","75.3500","74.4800"
"2017/04/10","74.6200","450990.0000","74.6400","75.2150","74.5300"
"2017/04/07","74.6900","384447.0000","74.6100","75.1400","74.5800"
"2017/04/06","74.7000","556363.0000","74.4200","75.2974","74.1100"
"2017/04/05","74.1300","1265365.0000","75.0000","75.4400","73.9300"
"2017/04/04","74.9000","513247.0000","75.5400","75.7444","74.8300"
"2017/04/03","75.7200","654782.0000","75.8800","76.5000","75.3100"
"2017/03/31","75.7000","592299.0000","75.7000","76.2900","75.4700"
"2017/03/30","75.8600","450967.0000","75.3200","75.9200","75.2600"
"2017/03/29","75.4100","394380.0000","74.8900","75.4100","74.7100"
"2017/03/28","75.1200","271874.0000","74.6500","75.4099","74.6500"
"2017/03/27","74.8900","696311.0000","74.0600","75.2800","74.0000"
"2017/03/24","75.0500","422706.0000","75.0100","75.6300","74.6500"
"2017/03/23","74.8600","410677.0000","74.6800","75.3600","74.2900"
"2017/03/22","74.7700","472733.0000","74.2800","74.8600","74.0500"
"2017/03/21","74.2700","709432.0000","75.5200","75.6600","74.1900"
"2017/03/20","75.2300","530421.0000","75.4800","75.6800","75.0100"
"2017/03/17","75.4800","829454.0000","75.0500","75.6200","74.8200"
"2017/03/16","75.1500","459299.0000","74.9800","75.3899","74.7050"
"2017/03/15","74.9200","521168.0000","74.6400","75.2900","73.9800"
"2017/03/14","74.3700","506618.0000","74.2700","74.7800","74.0000"
"2017/03/13","74.7600","668353.0000","74.1200","74.8300","73.7700"
"2017/03/10","74.4700","692608.0000","73.9200","74.5800","73.8700"
"2017/03/09","73.4600","676293.0000","73.3100","73.9700","73.1200"
"2017/03/08","73.1100","1073897.0000","73.0400","73.4800","72.4500"
"2017/03/07","72.8600","675149.0000","73.2300","73.4000","72.6200"
"2017/03/06","73.2100","1106870.0000","73.0000","73.6250","72.8000"
"2017/03/03","73.8200","961997.0000","74.0500","74.3700","73.3500"
"2017/03/02","73.9600","557157.0000","73.8500","74.2900","73.1950"
"2017/03/01","73.6900","568128.0000","73.6700","74.3100","73.2700"
"2017/02/28","72.5900","769173.0000","73.7600","73.9300","72.5450"
"2017/02/27","73.6000","568199.0000","73.9100","74.2100","73.5300"
"2017/02/24","73.9500","505195.0000","73.5500","73.9700","73.2700"
"2017/02/23","73.9500","541690.0000","74.4400","74.5000","73.5700"
"2017/02/22","74.0600","631725.0000","74.3200","75.0000","73.9100"
"2017/02/21","74.5100","1120417.0000","73.2000","74.6700","73.1800"
"2017/02/17","73.2700","865000.0000","72.8400","73.6800","72.4800"
"2017/02/16","72.9300","1067254.0000","71.9000","73.1100","71.9000"
"2017/02/15","71.8300","1138203.0000","70.8400","71.9900","70.8400"
"2017/02/14","71.0800","695507.0000","71.3500","71.5400","70.8500"
"2017/02/13","71.4500","562113.0000","72.2000","72.4810","71.1900"
"2017/02/10","71.9200","1099345.0000","71.8000","72.3600","71.5000"
"2017/02/09","71.7300","2487128.0000","67.6900","72.0000","67.0200"
"2017/02/08","67.6000","922713.0000","67.0200","67.8000","66.7200"
"2017/02/07","67.0200","873005.0000","67.3900","67.7500","66.8100"
"2017/02/06","67.3400","626628.0000","67.1200","67.3400","66.5500"
"2017/02/03","67.3300","950461.0000","66.6200","67.3900","66.2002"
"2017/02/02","65.6200","992119.0000","65.5900","65.7500","65.0600"
"2017/02/01","65.9400","685355.0000","65.9400","67.1000","65.3700"
"2017/01/31","65.6700","594367.0000","65.6800","65.7400","64.7400"
"2017/01/30","65.8400","709294.0000","66.0200","66.0600","64.8200"
"2017/01/27","66.5200","450705.0000","66.1600","66.6100","65.9700"
"2017/01/26","65.9500","808521.0000","66.6000","66.9500","65.6500"
"2017/01/25","66.6000","835992.0000","67.0000","68.5400","66.0600"
"2017/01/24","66.4200","759637.0000","65.3100","66.8700","65.3100"
"2017/01/23","65.0700","829809.0000","64.8300","65.7800","64.7500"
"2017/01/20","65.1600","1013005.0000","66.5400","66.5400","64.6200"
"2017/01/19","66.5800","720045.0000","66.6400","67.3200","66.4500"
"2017/01/18","66.4800","601512.0000","65.9400","66.6400","65.8150"
"2017/01/17","65.8700","653723.0000","65.1300","66.1000","64.9300"
"2017/01/13","65.5000","509048.0000","66.2100","66.7600","65.4800"
"2017/01/12","66.1200","737706.0000","65.3300","66.2100","65.1300"
"2017/01/11","65.7000","893160.0000","64.7600","65.7300","64.3900"
"2017/01/10","64.5000","1806109.0000","65.1100","65.2700","63.8100"
"2017/01/09","65.4200","850615.0000","65.6400","65.8900","65.2000"
"2017/01/06","65.8900","1238658.0000","66.3900","66.6500","65.8000"
"2017/01/05","66.2900","808866.0000","65.5800","66.3550","65.3300"
"2017/01/04","65.9300","959560.0000","64.6800","66.2200","64.6800"
"2017/01/03","64.7000","689793.0000","64.6400","65.1100","63.9100"
"2016/12/30","64.0000","501815.0000","65.0400","65.2000","63.7100"
"2016/12/29","64.7700","332174.0000","64.8700","65.1600","64.4300"
"2016/12/28","64.8000","357848.0000","65.5600","65.9100","64.7600"
"2016/12/27","65.5400","173577.0000","65.4500","65.6500","65.1600"
"2016/12/23","65.3900","266083.0000","65.3500","65.6500","65.2200"
"2016/12/22","65.2500","551152.0000","65.4500","65.7900","65.1000"
"2016/12/21","65.5500","559204.0000","65.4100","65.7100","64.9550"
"2016/12/20","65.3300","468150.0000","65.0600","65.3600","64.9400"
"2016/12/19","64.9100","513148.0000","64.4800","65.6200","64.3000"
"2016/12/16","64.2200","1268952.0000","65.1100","65.4300","64.1100"
"2016/12/15","64.9000","774921.0000","65.4700","65.8500","64.7800"
"2016/12/14","65.4400","770126.0000","65.6700","66.1800","65.3500"
"2016/12/13","65.6500","769275.0000","65.1400","65.9200","65.0300"
"2016/12/12","65.1200","658556.0000","65.6800","65.7900","64.5700"
"2016/12/09","65.6800","411377.0000","65.4700","65.7900","65.1700"
"2016/12/08","65.3800","722303.0000","65.6300","66.0600","65.2950"
"2016/12/07","65.7800","1093751.0000","65.1300","65.9500","64.8300"
"2016/12/06","65.0000","854589.0000","64.6900","65.1100","64.3300"
"2016/12/05","64.6100","789878.0000","65.1900","65.2400","64.4600"
"2016/12/02","64.8700","621327.0000","65.4300","65.6800","64.7850"
"2016/12/01","65.4600","1391371.0000","66.9700","67.3200","65.2500"
"2016/11/30","66.9100","733130.0000","67.6700","67.9300","66.5100"
"2016/11/29","67.4800","403099.0000","67.5500","67.8400","67.1700"
"2016/11/28","67.4000","547801.0000","67.5700","67.8000","67.2000"
"2016/11/25","67.9100","220889.0000","67.9900","68.0100","67.1800"
"2016/11/23","67.7000","648092.0000","67.9300","68.3100","67.2100"
"2016/11/22","68.0000","545926.0000","67.9300","68.2000","67.5400"
"2016/11/21","67.9300","595832.0000","67.6800","68.3200","67.0400"
"2016/11/18","67.3200","637805.0000","68.0400","68.6000","67.0800"
"2016/11/17","68.2800","600483.0000","67.6600","68.6100","67.6300"
"2016/11/16","67.5700","575383.0000","68.7900","68.7900","67.5200"
"2016/11/15","68.7700","887542.0000","68.6000","68.9400","68.1100"
"2016/11/14","68.5900","1245867.0000","69.3800","69.4400","68.3900"
"2016/11/11","69.3100","1187921.0000","68.9500","69.9000","68.9500"
"2016/11/10","69.1100","1358725.0000","67.2800","69.9500","67.0700"
"2016/11/09","66.7500","1053288.0000","64.3200","67.2600","64.3100"
"2016/11/08","65.7100","429891.0000","65.3100","65.9700","64.9000"
"2016/11/07","65.4200","713546.0000","64.7600","65.4800","64.5326"
"2016/11/04","63.6400","1692923.0000","63.4800","64.6900","63.3100"
"2016/11/03","63.2900","835170.0000","63.4000","63.8800","63.0700"
"2016/11/02","63.3500","1171422.0000","63.3200","63.8100","62.9700"
"2016/11/01","63.4600","2094615.0000","63.9100","64.5000","62.9200"
"2016/10/31","63.8400","1601109.0000","63.5600","64.2900","63.5600"
"2016/10/28","63.5900","1198516.0000","62.6500","64.7500","62.6500"
"2016/10/27","62.8400","2817544.0000","64.1600","64.5100","61.4700"
"2016/10/26","65.5900","1536997.0000","65.4300","65.7400","65.0900"
"2016/10/25","65.5200","821996.0000","67.5600","67.5600","65.4300"
"2016/10/24","67.7600","619598.0000","67.6900","68.1900","67.5300"
"2016/10/21","67.1800","757805.0000","66.6600","67.2600","65.8300"
"2016/10/20","67.2800","552032.0000","67.1900","67.6200","66.4700"
"2016/10/19","67.2000","613873.0000","67.9300","68.0029","67.1700"
"2016/10/18","67.9000","633402.0000","68.9900","68.9900","67.8100"
"2016/10/17","68.3400","691199.0000","68.3300","69.5000","68.0800"
"2016/10/14","67.6900","840383.0000","67.0200","68.2400","66.9300"
"2016/10/13","66.5400","296081.0000","66.4300","66.7500","65.8500"
"2016/10/12","67.0300","510071.0000","66.2800","67.2600","66.1300"
"2016/10/11","66.2300","686794.0000","67.0000","67.2300","65.6200"
"2016/10/10","67.2800","591410.0000","67.1100","67.6400","66.9800"
"2016/10/07","66.8800","642004.0000","68.1600","68.1600","66.6200"
"2016/10/06","67.9500","488915.0000","67.6000","68.1100","67.2300"
"2016/10/05","67.5500","854602.0000","67.7700","67.8600","66.8500"
"2016/10/04","67.3800","601960.0000","68.2100","68.4500","67.2000"
"2016/10/03","68.1700","647347.0000","68.6600","69.1000","68.1600"
"2016/09/30","68.9100","1014660.0000","68.4400","69.4000","67.9650"
"2016/09/29","68.2600","671418.0000","69.1900","69.4700","67.7700"
"2016/09/28","69.4100","366030.0000","69.0500","69.4200","68.4900"
"2016/09/27","68.9400","280024.0000","68.1900","68.9600","68.1400"
"2016/09/26","68.2500","204521.0000","68.4200","68.6100","67.7400"
"2016/09/23","68.6700","340597.0000","69.0500","69.0500","68.4200"
"2016/09/22","69.0500","726035.0000","68.5600","69.3800","68.5600"
"2016/09/21","67.8800","508877.0000","67.7100","68.0300","66.7700"
"2016/09/20","67.3600","494259.0000","67.7400","67.8500","67.0600"
"2016/09/19","67.3700","1088350.0000","66.2500","67.7300","66.1000"
"2016/09/16","66.2500","989820.0000","66.4300","66.5150","66.1000"
"2016/09/15","66.8500","1716793.0000","66.0500","67.1300","65.9900"
"2016/09/14","66.0900","749344.0000","66.6500","66.9800","65.8300"
"2016/09/13","66.5800","620977.0000","66.5700","67.0400","66.1900"
"2016/09/12","67.3800","1185231.0000","66.7300","67.6400","66.7100"
"2016/09/09","66.8300","951373.0000","69.3600","69.6440","66.8300"
"2016/09/08","69.8800","516445.0000","70.6800","70.9100","69.7250"
"2016/09/07","70.8900","757757.0000","71.9000","71.9400","70.5950"
"2016/09/06","72.0700","329403.0000","72.3600","72.7500","71.6750"
"2016/09/02","72.3900","420771.0000","72.0500","72.5500","71.9201"
"2016/09/01","71.8400","534715.0000","71.3200","71.8800","70.7150"
"2016/08/31","71.2200","573928.0000","71.0800","71.4900","70.6900"
"2016/08/30","71.2600","450546.0000","71.9300","72.1300","71.0700"
"2016/08/29","72.1000","354704.0000","71.6900","72.1700","71.4300"
"2016/08/26","71.5800","308759.0000","72.2500","72.4900","71.1800"
"2016/08/25","72.0900","310379.0000","71.6900","72.1900","71.4850"
"2016/08/24","71.8000","484054.0000","72.0100","72.2500","71.6600"
"2016/08/23","72.1800","390211.0000","72.0800","72.6100","72.0800"
"2016/08/22","71.9100","624898.0000","71.2200","72.0600","71.0800"
"2016/08/19","71.2800","546783.0000","71.6200","71.6700","71.0900"
"2016/08/18","71.8900","283425.0000","71.5800","72.1000","71.3901"
"2016/08/17","71.6600","597812.0000","72.2300","72.3000","71.2900"
"2016/08/16","72.2300","402552.0000","72.5800","73.1100","72.1600"
"2016/08/15","72.8200","602818.0000","72.6300","73.2200","72.4000"
"2016/08/12","72.3500","598080.0000","71.8100","72.5400","71.6800"
"2016/08/11","71.8100","489974.0000","71.4900","72.0700","71.4100"
"2016/08/10","71.3500","485244.0000","71.5000","71.5000","70.9100"
"2016/08/09","71.3100","716144.0000","71.1100","71.3100","70.7400"
"2016/08/08","70.9800","672831.0000","71.3600","71.5600","70.6700"
"2016/08/05","71.4100","651569.0000","71.5600","71.6450","71.1900"
"2016/08/04","71.0000","658810.0000","71.2300","71.7900","70.9200"
"2016/08/03","71.0500","720655.0000","71.7000","71.7000","70.7600"
"2016/08/02","71.6900","618354.0000","70.9900","72.0700","70.7450"
"2016/08/01","72.4000","632938.0000","72.2100","72.6300","71.6100"
"2016/07/29","72.3900","963955.0000","72.8200","73.4900","72.1900"
"2016/07/28","72.7800","841059.0000","72.7500","73.4200","72.1500"
"2016/07/27","71.8800","758590.0000","72.5500","72.5900","71.4600"
"2016/07/26","72.4600","579332.0000","71.9500","72.6600","71.8750"
"2016/07/25","71.8700","390052.0000","71.6900","71.9800","71.4600"
"2016/07/22","72.3400","471036.0000","71.4700","72.4450","71.2300"
"2016/07/21","71.5600","257318.0000","71.9300","71.9500","71.3800"
"2016/07/20","71.9300","317890.0000","71.9200","72.2000","71.4750"
"2016/07/19","71.8400","802405.0000","70.8400","71.9200","70.7500"
"2016/07/18","70.9400","291383.0000","71.3500","71.5000","70.7500"
"2016/07/15","71.3500","363003.0000","71.2100","71.5600","70.8750"
"2016/07/14","71.0100","462453.0000","71.0700","71.4150","70.8500"
"2016/07/13","70.4400","331650.0000","71.0100","71.0100","70.2100"
"2016/07/12","70.5300","427690.0000","70.2300","70.7700","70.0950"
"2016/07/11","69.9300","501788.0000","70.0000","70.6300","69.8400"
"2016/07/08","69.7400","386392.0000","69.1400","69.9500","69.0200"
"2016/07/07","68.6400","333146.0000","68.4900","68.9900","68.0700"
"2016/07/06","68.2600","980822.0000","67.9300","68.6200","67.4600"
"2016/07/05","68.0100","455816.0000","68.3600","68.5400","67.5200"
"2016/07/01","68.8000","774994.0000","69.3000","69.5700","68.2800"
"2016/06/30","69.4300","578362.0000","68.0700","69.4600","68.0500"
"2016/06/29","68.0100","961459.0000","66.8400","68.4500","66.7700"
"2016/06/28","66.4100","857614.0000","64.4300","66.5100","64.2000"
"2016/06/27","64.0200","1187969.0000","65.0600","65.2100","63.4500"
"2016/06/24","65.7200","1093672.0000","66.8600","67.9300","65.6600"
"2016/06/23","69.2500","419729.0000","69.2500","69.4450","68.9050"
"2016/06/22","68.8400","484823.0000","68.9000","69.6900","68.8200"
"2016/06/21","69.0200","587450.0000","68.9400","69.2500","68.5500"
"2016/06/20","68.9500","351168.0000","68.1700","69.1400","68.1700"
"2016/06/17","67.6900","511319.0000","68.3400","68.5200","67.6600"
"2016/06/16","68.2000","703971.0000","67.7000","68.3600","67.4392"
"2016/06/15","68.1600","701607.0000","68.0000","68.4200","67.8600"
"2016/06/14","67.6300","557015.0000","67.4400","67.6900","66.9000"
"2016/06/13","67.4900","665158.0000","67.5200","68.1600","67.2300"
"2016/06/10","67.9100","589611.0000","68.9600","69.0500","67.5900"
"2016/06/09","68.9800","441939.0000","68.6700","69.1000","68.3100"
"2016/06/08","69.0100","715429.0000","67.6900","69.1000","67.4950"
"2016/06/07","67.7500","596708.0000","67.9300","68.1700","67.4200"
"2016/06/06","67.9000","447694.0000","68.1400","68.1750","67.4700"
"2016/06/03","67.8900","333728.0000","67.8600","68.1100","67.3400"
"2016/06/02","68.1300","575439.0000","68.0300","68.1800","67.5100"
"2016/06/01","68.1900","638097.0000","67.4800","68.2600","67.0300"
"2016/05/31","67.6400","563399.0000","68.0700","68.3500","67.3500"
"2016/05/27","67.9900","425478.0000","67.7600","68.4900","67.7200"
"2016/05/26","67.7300","331957.0000","67.9500","68.3300","67.6900"
"2016/05/25","67.9500","824916.0000","68.4500","68.4649","67.4400"
"2016/05/24","68.1200","504458.0000","67.7000","68.4500","67.0700"
"2016/05/23","67.2200","447404.0000","67.3900","67.4000","66.8400"
"2016/05/20","67.3600","583117.0000","67.6900","68.6100","67.2700"
"2016/05/19","67.2100","1228141.0000","66.6800","67.4100","66.4700"
"2016/05/18","67.1800","720411.0000","66.7300","67.4500","66.2200"
"2016/05/17","66.8300","1042115.0000","66.4300","67.1100","65.9700"
"2016/05/16","66.3400","476092.0000","66.0800","66.6650","65.6800"
"2016/05/13","66.0100","542590.0000","66.0100","66.9400","65.5600"
"2016/05/12","66.1300","306889.0000","66.2900","66.4300","65.5500"
"2016/05/11","65.9400","283872.0000","66.9400","67.2400","65.8900"
"2016/05/10","66.9400","327492.0000","66.5800","67.0200","66.2650"
"2016/05/09","66.1700","441708.0000","65.9800","66.5300","65.6900"
"2016/05/06","66.0100","372355.0000","65.3700","66.0500","64.8000"
"2016/05/05","65.3700","769481.0000","65.4900","65.7800","64.9000"
"2016/05/04","65.4600","539027.0000","65.3700","65.6050","64.8300"
"2016/05/03","65.6900","822848.0000","66.3000","66.4400","65.4000"
"2016/05/02","66.5000","993298.0000","65.4900","67.1200","65.3400"
"2016/04/29","65.4500","958186.0000","65.2300","65.5400","64.5700"
"2016/04/28","65.2400","1756683.0000","63.9500","66.2000","63.6600"
"2016/04/27","66.8300","994629.0000","65.8500","66.9100","65.4700"
"2016/04/26","65.6700","778817.0000","65.0000","65.7590","64.8800"
"2016/04/25","64.7000","535045.0000","64.3100","64.7400","63.9300"
"2016/04/22","64.2400","557600.0000","63.3300","64.2900","63.2600"
"2016/04/21","63.2400","359664.0000","63.9500","64.3800","63.1400"
"2016/04/20","63.9100","350928.0000","63.9900","64.2200","63.5800"
"2016/04/19","63.8800","457778.0000","64.3500","64.5900","63.7500"
"2016/04/18","64.2500","315908.0000","63.5100","64.5600","63.4950"
"2016/04/15","63.7700","340659.0000","63.5800","63.8300","63.3200"
"2016/04/14","63.7000","463732.0000","64.2200","64.2700","63.5100"
"2016/04/13","64.2800","746645.0000","63.6400","64.3300","63.3500"
"2016/04/12","63.4100","574217.0000","63.4400","63.9900","63.1300"
"2016/04/11","63.4100","577990.0000","64.5500","64.7250","63.2850"
"2016/04/08","64.0600","429404.0000","64.5300","64.7600","63.9100"
"2016/04/07","63.9700","1018864.0000","65.9900","65.9900","63.7700"
"2016/04/06","66.2100","1143841.0000","64.8600","66.2800","64.6800"
"2016/04/05","64.7000","979025.0000","64.5500","65.2200","64.0700"
"2016/04/04","64.8600","453750.0000","65.3700","65.8400","64.6700"
"2016/04/01","65.3800","933741.0000","63.4700","65.5000","63.0800"
"2016/03/31","63.7100","521098.0000","63.8000","64.2900","63.4600"
"2016/03/30","63.8400","471099.0000","63.8200","63.9400","63.0400"
"2016/03/29","63.6400","590649.0000","63.4100","63.8100","62.9600"
"2016/03/28","63.3700","313625.0000","63.3300","63.5300","62.9300"
"2016/03/24","63.1400","448059.0000","63.2300","63.3800","62.6900"
"2016/03/23","63.3600","454625.0000","64.0700","64.0700","63.2200"
"2016/03/22","64.2200","536856.0000","64.1600","64.4600","63.9501"
"2016/03/21","64.4900","701806.0000","64.2600","64.7400","63.9700"
"2016/03/18","64.5600","865727.0000","64.6800","65.3600","64.4900"
"2016/03/17","64.3700","596168.0000","63.6300","64.5200","63.1501"
"2016/03/16","63.7600","486881.0000","63.3400","64.1000","63.0300"
"2016/03/15","63.6400","463037.0000","63.6600","64.1500","63.4100"
"2016/03/14","64.1700","569786.0000","63.2300","64.4700","63.2300"
"2016/03/11","63.7500","440112.0000","63.7800","63.9600","63.3500"
"2016/03/10","63.1000","579415.0000","63.5500","64.1100","62.6300"
"2016/03/09","63.3200","479048.0000","63.4300","63.6800","62.8700"
"2016/03/08","62.9500","972306.0000","63.0800","63.3600","62.4300"
"2016/03/07","63.4900","913106.0000","63.5900","63.9600","62.9800"
"2016/03/04","63.9400","837111.0000","64.8300","64.9975","63.8400"
"2016/03/03","64.8400","695908.0000","64.5700","64.9800","64.2200"
"2016/03/02","64.6400","674024.0000","64.5900","64.9800","64.0450"
"2016/03/01","64.8300","1140982.0000","63.5800","64.9100","63.3200"
"2016/02/29","63.0000","1127875.0000","63.9200","64.2400","62.9400"
"2016/02/26","63.8800","748825.0000","64.0000","64.5000","63.1300"
"2016/02/25","63.8000","912107.0000","62.7200","63.8700","60.6000"
"2016/02/24","62.6300","1014753.0000","60.4500","62.7700","60.0100"
"2016/02/23","61.1100","742947.0000","60.8000","62.0000","60.5300"
"2016/02/22","61.0700","988507.0000","59.4500","61.4300","59.0500"
"2016/02/19","58.7600","2485984.0000","58.5000","58.8000","57.9700"
"2016/02/18","58.5900","987345.0000","59.0900","59.4000","58.3800"
"2016/02/17","58.8100","1186343.0000","58.9000","59.5500","58.4300"
"2016/02/16","58.5000","1177570.0000","58.3800","58.8101","56.8800"
"2016/02/12","57.5000","1869094.0000","58.0900","58.8700","57.1700"
"2016/02/11","56.7400","2540757.0000","56.1900","58.7725","54.4500"
"2016/02/10","54.8500","1245856.0000","54.8100","56.5200","54.4100"
"2016/02/09","54.2800","1425704.0000","53.3300","54.9500","53.1900"
"2016/02/08","53.7700","2160465.0000","55.3800","55.8800","52.9500"
"2016/02/05","56.2700","1627224.0000","59.8300","60.3500","56.0100"
"2016/02/04","59.8000","542807.0000","59.3200","60.9700","59.2150"
"2016/02/03","59.3800","897595.0000","59.3900","59.4900","57.7000"
"2016/02/02","58.7300","1217330.0000","59.9500","59.9500","58.3100"
"2016/02/01","60.4500","982728.0000","60.0000","60.7400","59.5300"
"2016/01/29","60.5600","677677.0000","59.5300","60.6500","59.1700"
"2016/01/28","59.2200","668130.0000","60.0600","60.1700","58.7600"
"2016/01/27","59.7300","712288.0000","59.6800","60.5700","59.3700"
"2016/01/26","59.9400","638047.0000","59.0400","60.1200","58.7750"
"2016/01/25","59.1900","1114665.0000","59.6900","60.3500","58.8300"
"2016/01/22","59.9600","1086943.0000","58.1500","60.1250","58.1300"
"2016/01/21","57.2100","1152552.0000","57.4400","57.7700","55.7600"
"2016/01/20","57.4100","1354805.0000","57.5500","58.0400","55.5300"
"2016/01/19","58.0100","1000025.0000","60.0500","60.2100","57.2800"
"2016/01/15","58.6800","1231471.0000","60.4200","60.4200","56.6600"
"2016/01/14","60.2300","929358.0000","59.8000","60.9400","59.0400"
"2016/01/13","58.8100","513352.0000","60.5300","60.6900","58.6600"
"2016/01/12","60.1100","521537.0000","59.9600","60.4350","59.3300"
"2016/01/11","59.4900","562666.0000","60.0200","60.4450","58.9800"
"2016/01/08","59.7700","675735.0000","61.3000","61.7100","59.6200"
"2016/01/07","60.9600","614109.0000","61.6300","62.2900","60.7500"
"2016/01/06","62.7700","505485.0000","63.6200","63.8300","62.3900"
"2016/01/05","64.4600","525644.0000","64.5700","65.4000","64.1050"
"2016/01/04","64.5300","845036.0000","64.8800","64.8800","63.3900"
"2015/12/31","65.9200","310916.0000","66.2600","66.9200","65.3100"
"2015/12/30","66.6100","309944.0000","66.7000","67.0900","66.4500"
"2015/12/29","66.9600","475413.0000","67.0400","67.5400","66.5700"
"2015/12/28","66.3100","304005.0000","65.4500","66.3900","65.1200"
"2015/12/24","65.6100","114249.0000","65.8400","65.9200","65.4400"
"2015/12/23","65.8200","313432.0000","65.5500","65.9400","65.2400"
"2015/12/22","65.1700","443928.0000","65.0700","65.2000","64.4200"
"2015/12/21","64.7600","459395.0000","65.0000","65.4900","64.3800"
"2015/12/18","64.6500","1598349.0000","65.3900","65.5400","63.9600"
"2015/12/17","65.6200","586352.0000","66.4800","66.4800","65.6000"
"2015/12/16","66.4600","611174.0000","65.9700","66.6600","65.4200"
"2015/12/15","65.4300","582038.0000","65.2100","65.7300","64.9450"
"2015/12/14","64.9100","812408.0000","64.5300","64.9700","63.6400"
"2015/12/11","64.5900","518224.0000","64.7400","65.4400","64.4300"
"2015/12/10","65.3900","571176.0000","65.1800","65.9200","64.9850"
"2015/12/09","65.1800","577520.0000","65.1400","66.3700","64.9700"
"2015/12/08","65.8500","464879.0000","65.6400","66.5000","65.4200"
"2015/12/07","66.3900","534776.0000","66.9700","67.1500","66.3600"
"2015/12/04","67.1200","660725.0000","66.3500","67.4820","65.8800"
"2015/12/03","66.1000","578212.0000","67.4000","67.4000","65.4100"
"2015/12/02","67.3100","643968.0000","67.9000","68.0750","67.0300"
"2015/12/01","68.0300","898978.0000","67.3400","68.0800","67.2500"
"2015/11/30","67.2100","1281859.0000","67.2700","67.9900","67.0100"
"2015/11/27","67.1300","274570.0000","66.4900","67.2800","66.4000"
"2015/11/25","66.4000","634277.0000","65.5000","66.6699","65.1800"
"2015/11/24","65.1800","988868.0000","65.4700","65.4700","64.5400"
"2015/11/23","65.6900","777658.0000","66.6400","66.8300","65.4500"
"2015/11/20","66.5100","2378031.0000","66.8200","67.0000","66.2400"
"2015/11/19","66.6800","1700968.0000","65.9000","66.7600","65.4300"
"2015/11/18","65.8500","1059883.0000","65.1700","65.9000","64.6700"
"2015/11/17","64.5900","846235.0000","65.0000","65.1400","64.3400"
"2015/11/16","64.7200","778030.0000","63.9900","64.8800","63.5900"
"2015/11/13","63.6900","650615.0000","64.6300","65.0200","63.6600"
"2015/11/12","64.6800","1038310.0000","64.5000","65.1000","64.2500"
"2015/11/11","65.0100","747618.0000","63.5800","65.0700","63.3400"
"2015/11/10","63.3300","839542.0000","63.6200","63.7900","62.7700"
"2015/11/09","63.6800","783379.0000","64.2200","64.2400","63.0200"
"2015/11/06","64.2700","855976.0000","64.0800","64.5400","63.2700"
"2015/11/05","64.1600","1010555.0000","63.9800","64.5000","63.6700"
"2015/11/04","64.7000","1181883.0000","64.4600","65.3600","64.4600"
"2015/11/03","65.3300","877326.0000","66.5000","66.5000","65.1500"
"2015/11/02","66.7500","936936.0000","65.1800","66.8400","64.9000"
"2015/10/30","65.1700","1029526.0000","64.5900","65.6600","63.9600"
"2015/10/29","64.5100","1801643.0000","67.5000","67.5000","62.6400"
"2015/10/28","65.2000","1158031.0000","64.5800","65.3400","63.6100"
"2015/10/27","64.5000","1020539.0000","63.8100","64.5000","63.7350"
"2015/10/26","64.0700","436537.0000","63.7700","64.1200","63.1500"
"2015/10/23","63.7300","1077075.0000","64.3800","64.4300","63.6000"
"2015/10/22","64.0000","1248327.0000","61.5200","64.3800","61.4000"
"2015/10/21","61.2700","384323.0000","62.3400","62.4900","61.0900"
"2015/10/20","61.9900","924527.0000","59.9400","62.9000","59.9400"
"2015/10/19","59.9800","513474.0000","60.0300","60.3070","59.4400"
"2015/10/16","60.3200","697007.0000","60.5900","60.9500","60.1100"
"2015/10/15","60.3400","745757.0000","59.2200","60.6100","58.7300"
"2015/10/14","58.8300","630196.0000","58.8100","59.3000","58.2600"
"2015/10/13","58.8600","531932.0000","58.9000","59.5200","58.3303"
"2015/10/12","59.1400","421309.0000","59.6900","59.8900","58.9900"
"2015/10/09","59.6700","501433.0000","59.8100","60.4300","59.3900"
"2015/10/08","59.7400","518575.0000","59.3900","59.8800","58.8900"
"2015/10/07","59.6400","618764.0000","58.8700","59.6900","58.7800"
"2015/10/06","58.6500","600683.0000","59.1500","59.6800","58.3600"
"2015/10/05","59.0100","514921.0000","58.4500","59.6500","58.4100"
"2015/10/02","58.0800","693271.0000","57.9800","58.1020","57.0500"
"2015/10/01","58.5600","704807.0000","57.9500","58.5850","57.0700"
"2015/09/30","57.6600","575280.0000","56.5200","57.7400","56.3100"
"2015/09/29","56.0700","639436.0000","57.2300","57.4100","55.6200"
"2015/09/28","57.2600","695809.0000","59.3800","59.3800","56.7500"
"2015/09/25","59.6400","570331.0000","60.5300","60.6000","59.5200"
"2015/09/24","60.1800","304782.0000","60.1000","60.3000","59.4500"
"2015/09/23","60.5900","474623.0000","60.6000","60.6700","60.0600"
"2015/09/22","60.3700","394255.0000","61.0700","61.2600","60.1350"
"2015/09/21","61.7200","396968.0000","61.4500","61.9300","61.1300"
"2015/09/18","61.1200","761801.0000","61.4000","61.9800","61.0000"
"2015/09/17","62.0400","546361.0000","61.7100","62.8200","61.4686"
"2015/09/16","61.8100","422674.0000","61.4900","62.0800","61.0800"
"2015/09/15","61.6400","397985.0000","60.9300","61.8100","60.5400"
"2015/09/14","60.7200","385083.0000","60.4400","60.7600","60.1600"
"2015/09/11","60.6300","271585.0000","59.9200","60.6700","59.5800"
"2015/09/10","60.3000","426233.0000","60.0800","60.7700","59.5940"
"2015/09/09","60.2000","613490.0000","60.8300","61.1900","60.0800"
"2015/09/08","60.3600","301194.0000","59.6900","60.3900","59.1100"
"2015/09/04","58.7200","421395.0000","59.0500","59.2499","58.2700"
"2015/09/03","59.7900","569203.0000","59.4100","60.4500","58.5300"
"2015/09/02","59.3200","346106.0000","59.2200","59.3200","58.3400"
"2015/09/01","58.5600","755716.0000","57.1700","58.7800","57.1700"
"2015/08/31","59.6100","400337.0000","59.9600","60.2200","59.3400"
"2015/08/28","60.2700","619323.0000","60.4800","60.8000","59.7429"
"2015/08/27","60.5100","680117.0000","59.4900","60.7800","59.1700"
"2015/08/26","59.0200","986029.0000","58.2900","59.0900","57.1200"
"2015/08/25","56.9500","932057.0000","59.7500","59.9100","56.8800"
"2015/08/24","58.5600","1387825.0000","56.8800","59.4200","54.3400"
"2015/08/21","60.3800","469429.0000","62.1500","62.1500","60.3700"
"2015/08/20","62.6000","667370.0000","63.5500","63.6450","62.5600"
"2015/08/19","64.2300","459057.0000","64.0500","64.4200","63.6600"
"2015/08/18","64.5700","634063.0000","64.6700","64.8600","63.2400"
"2015/08/17","64.6800","445226.0000","63.5600","64.7000","62.9746"
"2015/08/14","63.6000","157788.0000","63.2500","63.6300","63.0420"
"2015/08/13","63.2900","325198.0000","62.9500","63.4700","62.5750"
"2015/08/12","63.0700","401582.0000","62.8000","63.0800","61.9000"
"2015/08/11","63.1600","320455.0000","62.8800","63.1900","62.7200"
"2015/08/10","63.3800","305270.0000","63.0500","63.5300","62.8900"
"2015/08/07","62.6700","398230.0000","62.2400","62.7000","61.8500"
"2015/08/06","62.2900","428530.0000","62.8900","62.9300","61.9100"
"2015/08/05","62.8800","551074.0000","63.3100","63.6650","62.5800"
"2015/08/04","62.6300","429638.0000","62.8000","63.0600","62.4400"
"2015/08/03","62.6900","543488.0000","63.2200","63.3100","62.3800"
"2015/07/31","63.2200","647324.0000","63.6800","63.9400","63.0600"
"2015/07/30","63.2000","1392332.0000","63.9000","66.0500","61.5575"
"2015/07/29","63.7500","806128.0000","62.5600","63.8600","62.5600"
"2015/07/28","62.3900","967096.0000","61.3200","62.8500","61.2100"
"2015/07/27","61.2000","1057566.0000","61.1300","61.5600","60.6100"
"2015/07/24","61.4300","728350.0000","61.3100","61.8600","61.0500"
"2015/07/23","61.0800","572950.0000","61.3600","61.8000","60.9400"
"2015/07/22","61.0700","376417.0000","60.7600","61.4800","60.6816"
"2015/07/21","60.8200","355493.0000","61.5900","61.7300","60.6700"
"2015/07/20","61.6700","309303.0000","61.4100","61.7900","61.1501"
"2015/07/17","61.3900","787009.0000","61.0900","61.9400","61.0900"
"2015/07/16","61.2700","339598.0000","61.1900","61.4200","60.9700"
"2015/07/15","60.8900","453099.0000","61.3800","61.8500","60.6000"
"2015/07/14","61.5200","361829.0000","61.0200","61.6300","60.7500"
"2015/07/13","60.9900","615240.0000","60.7500","61.0600","60.3900"
"2015/07/10","60.2700","753835.0000","59.8300","60.4400","59.6500"
"2015/07/09","59.1900","593064.0000","59.2500","59.6500","59.0900"
"2015/07/08","58.4800","477179.0000","59.2900","59.4400","58.4300"
"2015/07/07","59.6500","876388.0000","59.7300","59.7300","58.6800"
"2015/07/06","59.5600","341310.0000","59.4800","60.1300","59.0900"
"2015/07/02","59.7700","309626.0000","60.5000","60.5900","59.6400"
"2015/07/01","60.2100","612438.0000","60.7300","60.8100","60.0800"
"2015/06/30","60.1400","617917.0000","60.4900","61.0200","60.0100"
"2015/06/29","59.9000","526207.0000","61.5100","61.6400","59.8000"
"2015/06/26","61.6300","256941.0000","61.8200","62.0400","61.5300"
"2015/06/25","61.7300","229664.0000","62.0500","62.6300","61.6400"
"2015/06/24","62.0500","509308.0000","62.2800","62.8000","61.7700"
"2015/06/23","62.0800","425915.0000","62.0200","62.5800","61.7700"
"2015/06/22","62.0800","275570.0000","62.0000","62.4600","61.7100"
"2015/06/19","61.6700","646971.0000","61.3700","62.0100","61.0400"
"2015/06/18","61.4100","335872.0000","61.2700","61.9200","61.1200"
"2015/06/17","61.1700","352434.0000","60.8200","61.2400","60.2100"
"2015/06/16","60.6100","320514.0000","60.6300","60.9800","60.2900"
"2015/06/15","60.8600","431283.0000","60.8500","61.1000","60.3300"
"2015/06/12","61.1000","277164.0000","61.5300","61.9700","60.9700"
"2015/06/11","61.6500","344900.0000","61.8200","62.2500","61.5275"
"2015/06/10","61.6200","336010.0000","61.0200","61.9400","61.0200"
"2015/06/09","60.9500","414607.0000","61.3400","61.3400","60.7300"
"2015/06/08","61.4000","234990.0000","61.7300","62.0900","61.3900"
"2015/06/05","61.9000","314283.0000","61.6500","62.0400","61.1100"
"2015/06/04","61.8300","224925.0000","62.2500","62.6600","61.7400"
"2015/06/03","62.8100","458321.0000","62.3700","63.0400","61.8000"
"2015/06/02","62.3900","271650.0000","62.0000","62.7000","61.6900"
"2015/06/01","62.0400","358139.0000","62.4700","62.4700","61.8900"
"2015/05/29","62.4400","675906.0000","62.0100","62.9700","61.8700"
"2015/05/28","61.9400","377341.0000","61.6100","61.9700","61.3600"
"2015/05/27","61.8200","286222.0000","61.3200","61.9200","60.9300"
"2015/05/26","60.8900","375585.0000","61.2200","61.3700","60.6600"
"2015/05/22","61.2600","252956.0000","61.4000","61.7800","60.9900"
"2015/05/21","61.4000","579913.0000","61.7100","61.7700","61.1900"
"2015/05/20","61.5400","480684.0000","62.0200","62.0200","61.4000"
"2015/05/19","61.8300","546441.0000","62.1000","62.9900","61.7900"
"2015/05/18","61.8900","691431.0000","61.8200","62.1200","61.5700"
"2015/05/15","61.7900","890675.0000","61.8300","62.0400","61.4200"
"2015/05/14","61.8700","587907.0000","62.2000","62.2000","61.7600"
"2015/05/13","61.7400","621239.0000","61.7500","62.2900","61.6000"
"2015/05/12","61.7800","565178.0000","62.8700","63.0760","61.5500"
"2015/05/11","63.1800","1367309.0000","62.3700","63.4200","62.3700"
"2015/05/08","62.3800","874436.0000","62.0000","62.5297","61.6600"
"2015/05/07","61.4900","1243548.0000","61.0700","62.0000","60.8200"
"2015/05/06","61.2800","532575.0000","61.6400","61.8500","60.9300"
"2015/05/05","61.5000","577087.0000","61.9200","62.3600","61.3500"
"2015/05/04","62.2500","672239.0000","61.1000","62.3600","61.1000"
"2015/05/01","61.4500","1464163.0000","60.6200","61.8100","60.1800"
"2015/04/30","61.1500","2075845.0000","61.0500","62.5400","60.9000"
"2015/04/29","60.5500","561548.0000","60.6500","60.7000","60.0600"
"2015/04/28","60.8100","950582.0000","60.4000","61.1000","60.2400"
"2015/04/27","60.5900","793744.0000","60.9700","61.4500","60.5000"
"2015/04/24","60.9600","873539.0000","59.6900","61.0800","59.6300"
"2015/04/23","59.7400","1013597.0000","60.0700","60.1800","59.5300"
"2015/04/22","60.3600","485400.0000","59.8700","60.4800","59.7200"
"2015/04/21","59.8100","327509.0000","59.6900","59.9300","59.3250"
"2015/04/20","59.3100","403282.0000","59.2000","59.6800","59.0801"
"2015/04/17","59.1000","462335.0000","59.7200","59.7200","58.7800"
"2015/04/16","60.1600","350359.0000","60.3800","60.4700","59.7000"
"2015/04/15","60.4900","443475.0000","60.0200","60.6100","60.0200"
"2015/04/14","59.9700","681402.0000","60.3200","60.6800","59.6000"
"2015/04/13","60.2800","438789.0000","61.1700","61.5799","60.2500"
"2015/04/10","61.2400","560337.0000","61.5200","61.7200","60.8700"
"2015/04/09","61.4400","425554.0000","61.7000","61.8000","61.1400"
"2015/04/08","61.6900","512212.0000","61.5300","61.7300","61.1800"
"2015/04/07","61.5700","399929.0000","61.4000","61.7100","61.2800"
"2015/04/06","61.6500","653665.0000","61.1800","62.1600","61.0300"
"2015/04/02","61.4500","275761.0000","61.1500","61.7100","60.9346"
"2015/04/01","61.0800","444378.0000","60.9800","61.3300","60.7900"
"2015/03/31","61.1700","428770.0000","61.5000","61.9300","61.0500"
"2015/03/30","61.9100","457989.0000","61.4000","61.9700","61.4000"
"2015/03/27","61.2300","912816.0000","60.4900","61.3000","60.1600"
"2015/03/26","60.5100","555076.0000","60.3000","60.6700","59.9800"
"2015/03/25","60.3100","652874.0000","60.8400","61.2300","60.1400"
"2015/03/24","60.9000","525325.0000","60.7400","61.4000","60.3800"
"2015/03/23","60.9000","686499.0000","61.2400","61.7000","60.8100"
"2015/03/20","61.1400","922786.0000","60.4100","61.2200","60.2300"
"2015/03/19","60.0100","595795.0000","59.8600","60.0400","59.2900"
"2015/03/18","59.8400","634963.0000","58.2900","60.1000","58.0600"
"2015/03/17","58.3400","447179.0000","58.2100","58.7420","58.0400"
"2015/03/16","58.7400","494349.0000","58.5100","58.7700","58.0100"
"2015/03/13","58.1600","563320.0000","58.0900","58.6700","57.8003"
"2015/03/12","58.4000","420856.0000","57.9300","58.5200","57.9300"
"2015/03/11","57.9100","559863.0000","57.7000","58.2600","57.5800"
"2015/03/10","57.6100","491185.0000","57.6900","58.0100","57.1100"
"2015/03/09","57.9900","342786.0000","57.4100","58.1400","57.4000"
"2015/03/06","57.4500","413932.0000","57.6900","57.9800","57.3600"
"2015/03/05","58.1100","479994.0000","58.4800","58.4800","57.8000"
"2015/03/04","58.4500","939972.0000","58.6500","58.8400","57.9800"
"2015/03/03","58.5000","611979.0000","58.4400","58.8200","58.0500"
"2015/03/02","58.8200","694810.0000","57.7700","58.9100","57.6400"
"2015/02/27","57.7300","342871.0000","58.2100","58.5400","57.6900"
"2015/02/26","58.2900","507268.0000","58.7400","58.7680","58.0300"
"2015/02/25","58.5500","625996.0000","58.4800","59.0700","58.1600"
"2015/02/24","58.4000","526550.0000","58.1100","58.7900","57.9000"
"2015/02/23","58.3400","769708.0000","58.3600","58.7200","57.9301"
"2015/02/20","58.6000","980204.0000","57.4400","58.7200","56.9800"
"2015/02/19","57.6200","1670198.0000","55.9400","57.8600","55.7900"
"2015/02/18","56.0000","1721964.0000","56.8800","57.4300","55.1300"
"2015/02/17","58.5600","1336778.0000","58.7900","59.5000","58.3900"
"2015/02/13","58.6600","746291.0000","57.7200","58.8200","57.1900"
"2015/02/12","57.7600","724308.0000","57.1400","57.8900","56.8500"
"2015/02/11","56.7200","859994.0000","56.9400","57.2100","56.3900"
"2015/02/10","56.8800","527416.0000","57.2200","57.3500","56.2600"
"2015/02/09","56.9100","730252.0000","57.5400","58.1000","56.8800"
"2015/02/06","57.5500","977434.0000","57.2200","57.8000","57.0100"
"2015/02/05","57.0000","627848.0000","55.7500","57.0600","55.7500"
"2015/02/04","55.6300","578298.0000","55.0300","55.9700","54.9700"
"2015/02/03","55.0500","429407.0000","54.9400","55.4300","54.7000"
"2015/02/02","54.4900","1213647.0000","54.3000","54.5300","53.4300"
"2015/01/30","54.0100","591803.0000","54.5200","54.9200","53.8800"
"2015/01/29","54.7900","456601.0000","54.1500","54.9000","53.7100"
"2015/01/28","54.3500","695085.0000","54.3000","55.1600","53.9100"
"2015/01/27","53.8000","476760.0000","53.2000","54.0400","53.0700"
"2015/01/26","53.9100","702647.0000","54.7600","54.8300","53.7700"
"2015/01/23","54.4800","404165.0000","54.3100","55.0000","54.3100"
"2015/01/22","54.3600","896149.0000","53.1200","54.4250","52.8950"
"2015/01/21","52.9200","1614203.0000","52.5800","53.4500","52.3300"
"2015/01/20","52.7900","1137371.0000","53.4400","53.9200","52.5900"
"2015/01/16","53.3700","2678189.0000","53.8400","54.3500","53.1700"
"2015/01/15","53.8000","1116300.0000","55.5500","55.6600","53.3500"
"2015/01/14","55.3300","544224.0000","54.5700","55.3900","54.1800"
"2015/01/13","55.1000","520156.0000","55.3000","56.4600","54.4500"
"2015/01/12","54.9900","336793.0000","55.9400","55.9900","54.8500"
"2015/01/09","55.8800","541004.0000","56.1100","56.3300","55.7900"
"2015/01/08","56.3500","893856.0000","55.7100","56.3800","55.1800"
"2015/01/07","55.6000","720849.0000","55.0900","56.0000","54.8100"
"2015/01/06","54.8500","1341033.0000","55.0000","55.1600","54.0800"
"2015/01/05","54.9400","534556.0000","54.7300","55.2400","54.5600"
"2015/01/02","55.0500","670255.0000","55.4900","55.6000","53.9700"
"2014/12/31","55.4600","566487.0000","55.8700","56.0500","55.2500"
"2014/12/30","55.6600","448572.0000","55.6900","55.8900","55.4100"
"2014/12/29","55.9100","340916.0000","55.5400","56.0600","55.2900"
"2014/12/26","55.6500","192979.0000","55.7700","56.0000","55.5800"
"2014/12/24","55.7300","135271.0000","55.8100","55.9000","55.4000"
"2014/12/23","55.6800","363052.0000","55.6100","55.8600","55.4000"
"2014/12/22","55.6100","282067.0000","54.9800","55.6100","54.7700"
"2014/12/19","54.9900","686637.0000","55.3800","55.3900","54.6500"
"2014/12/18","54.9500","500772.0000","54.8100","54.9800","54.2800"
"2014/12/17","54.1100","418602.0000","53.5400","54.2100","53.0000"
"2014/12/16","53.4300","1016817.0000","53.6000","54.1000","52.9600"
"2014/12/15","53.7000","452779.0000","54.0000","54.4100","53.3500"
"2014/12/12","53.8100","594026.0000","53.6900","54.1400","53.6201"
"2014/12/11","54.1900","394758.0000","54.0700","54.9700","53.5801"
"2014/12/10","54.1500","465047.0000","54.6900","55.1000","53.9700"
"2014/12/09","55.0000","423764.0000","54.0300","55.0750","53.8600"
"2014/12/08","54.9100","603519.0000","55.5600","55.9100","54.6000"
"2014/12/05","55.5500","861299.0000","54.8100","55.6100","54.5900"
"2014/12/04","54.5900","571435.0000","54.7200","54.9899","54.3950"
"2014/12/03","54.6900","1397947.0000","54.5600","55.0800","54.4100"
"2014/12/02","54.3600","315975.0000","53.7900","54.4200","53.6400"
"2014/12/01","53.7000","467027.0000","53.7900","53.9800","53.2500"
"2014/11/28","53.8500","343203.0000","53.0900","54.1550","53.0900"
"2014/11/26","53.0600","537712.0000","53.6000","53.8000","52.9000"
"2014/11/25","53.5700","453328.0000","53.9400","53.9700","53.2800"
"2014/11/24","53.9500","482186.0000","54.2500","54.4900","53.8800"
"2014/11/21","54.2000","488694.0000","54.8000","54.8800","54.0200"
"2014/11/20","54.0900","220824.0000","53.6200","54.3600","53.5200"
"2014/11/19","54.0000","757951.0000","53.9400","54.3200","53.5400"
"2014/11/18","53.8700","629255.0000","52.9100","54.0500","52.6800"
"2014/11/17","52.8400","529583.0000","52.1900","52.9200","52.1100"
"2014/11/14","52.2700","372857.0000","52.0000","52.5100","51.7850"
"2014/11/13","52.1200","375510.0000","52.5700","52.6800","51.8800"
"2014/11/12","52.5000","631111.0000","52.3100","52.6650","52.0100"
"2014/11/11","52.5200","582060.0000","52.8100","53.3900","52.3700"
"2014/11/10","52.6800","562559.0000","53.1100","53.1100","52.5700"
"2014/11/07","52.9600","1249525.0000","53.4400","53.5600","52.8950"
"2014/11/06","53.4200","1041515.0000","53.3300","53.5100","52.8700"
"2014/11/05","53.0500","539929.0000","53.4300","53.5800","52.7400"
"2014/11/04","53.1200","1120769.0000","53.3900","53.8400","53.0900"
"2014/11/03","53.4300","811092.0000","53.1600","53.5900","52.9100"
"2014/10/31","53.0900","2535435.0000","53.6200","54.5700","52.8700"
"2014/10/30","52.6400","1224369.0000","50.1800","53.0600","49.2400"
"2014/10/29","50.2900","1184461.0000","50.5100","51.3700","49.6600"
"2014/10/28","50.2000","730572.0000","49.4200","50.2500","49.0820"
"2014/10/27","49.1500","584047.0000","48.8700","49.3100","48.5450"
"2014/10/24","49.1200","414743.0000","48.4900","49.1700","48.0700"
"2014/10/23","48.4500","733322.0000","47.7000","48.7800","47.2600"
"2014/10/22","47.1000","695993.0000","48.2400","48.5100","47.0000"
"2014/10/21","48.2300","657153.0000","47.1700","48.4680","47.1700"
"2014/10/20","46.9000","602368.0000","46.5800","47.1700","46.5700"
"2014/10/17","46.7500","756769.0000","46.7300","47.5650","46.3200"
"2014/10/16","46.3300","696505.0000","44.6300","46.5000","44.2180"
"2014/10/15","45.7200","1284582.0000","44.5600","46.0000","43.8100"
"2014/10/14","45.0600","976864.0000","45.5100","45.8900","44.8200"
"2014/10/13","45.3200","824509.0000","46.2200","46.4800","45.2800"
"2014/10/10","46.2500","776415.0000","46.5800","46.9700","46.2000"
"2014/10/09","46.7000","617289.0000","47.3900","47.3900","46.5400"
"2014/10/08","47.2400","1061674.0000","46.5400","47.2800","45.8500"
"2014/10/07","46.5900","691627.0000","48.3700","48.3700","46.5800"
"2014/10/06","48.5900","750337.0000","49.2000","49.4700","48.4700"
"2014/10/03","49.1400","968569.0000","48.8300","49.2100","48.5800"
"2014/10/02","47.8700","2127122.0000","47.6800","48.0700","47.3700"
"2014/10/01","47.7700","1083769.0000","47.4400","48.0000","46.8800"
"2014/09/30","47.6400","1371508.0000","47.9000","48.0000","47.3100"
"2014/09/29","48.0000","900763.0000","48.0200","48.5400","47.7900"
"2014/09/26","48.4000","664816.0000","48.2500","48.5299","48.1860"
"2014/09/25","48.2100","604751.0000","48.7700","49.0000","48.0600"
"2014/09/24","49.0000","470918.0000","48.9000","49.2100","48.8100"
"2014/09/23","48.9200","759950.0000","49.0500","49.4700","48.5400"
"2014/09/22","49.2000","829605.0000","49.6600","49.8200","49.1700"
"2014/09/19","49.8600","1925076.0000","50.8800","50.8800","47.4700"
"2014/09/18","50.6200","551244.0000","51.2300","51.2300","50.5200"
"2014/09/17","51.0600","610387.0000","51.1600","52.2500","50.9100"
"2014/09/16","51.1000","671711.0000","50.7200","51.4100","50.5800"
"2014/09/15","50.8000","818736.0000","50.7300","50.9000","50.0800"
"2014/09/12","50.8700","811273.0000","51.8300","51.8975","50.7050"
"2014/09/11","52.0600","472206.0000","51.7900","52.5200","51.7700"
"2014/09/10","51.9500","620355.0000","51.6300","52.1600","51.2500"
"2014/09/09","51.7400","533344.0000","52.1600","52.4900","51.5100"
"2014/09/08","52.2200","477347.0000","52.3100","52.6200","52.0600"
"2014/09/05","52.4800","517699.0000","52.4700","52.6500","51.9120"
"2014/09/04","52.3300","411298.0000","52.2800","52.8400","52.0700"
"2014/09/03","52.1900","393921.0000","52.6400","52.8800","51.9800"
"2014/09/02","52.2700","661947.0000","51.5300","52.3000","51.4600"
"2014/08/29","51.4300","371962.0000","51.5500","51.7500","51.2400"
"2014/08/28","51.5500","438373.0000","51.7300","51.7900","51.2100"
"2014/08/27","52.0100","281212.0000","52.2600","52.2600","51.6508"
"2014/08/26","52.3800","291359.0000","52.4700","52.5800","52.0900"
"2014/08/25","52.4700","276063.0000","52.2200","52.5600","51.9110"
"2014/08/22","51.9700","399805.0000","52.0500","52.1200","51.7400"
"2014/08/21","52.1400","249648.0000","52.6300","52.7700","52.1100"
"2014/08/20","52.5200","332366.0000","52.6300","52.9100","52.2700"
"2014/08/19","52.6100","513595.0000","52.8000","53.4100","52.2250"
"2014/08/18","52.6400","325379.0000","52.5100","53.2000","52.1700"
"2014/08/15","52.2600","755468.0000","52.3300","52.9300","51.8300"
"2014/08/14","52.0200","626607.0000","52.2300","52.3600","51.6700"
"2014/08/13","52.2400","708297.0000","51.0600","52.2800","51.0600"
"2014/08/12","50.9600","712227.0000","50.2900","51.1200","50.2766"
"2014/08/11","50.3600","342235.0000","50.7600","51.0300","50.2800"
"2014/08/08","50.6100","850398.0000","49.9200","50.7200","49.9200"
"2014/08/07","49.8700","622285.0000","50.5000","50.6250","49.6000"
"2014/08/06","50.1200","1078279.0000","49.3000","50.2300","48.8300"
"2014/08/05","50.4000","668866.0000","50.1400","50.9300","49.8000"
"2014/08/04","50.1200","956883.0000","50.5900","51.7700","49.9700"
"2014/08/01","50.3600","903923.0000","51.4300","51.4800","49.5900"
"2014/07/31","51.4300","1583431.0000","50.9000","52.7300","49.9300"
"2014/07/30","53.6600","799286.0000","52.5500","53.9600","52.4300"
"2014/07/29","52.4500","581950.0000","53.5200","53.8600","52.4200"
"2014/07/28","53.5700","509751.0000","55.1000","55.1100","53.3200"
"2014/07/25","55.1000","473741.0000","54.6300","55.2500","54.3900"
"2014/07/24","54.9700","412263.0000","54.4200","55.4600","54.2900"
"2014/07/23","54.4500","362810.0000","54.9200","55.0900","54.1025"
"2014/07/22","54.9000","241982.0000","55.1500","55.5800","54.7100"
"2014/07/21","54.7600","265856.0000","54.7900","55.0500","54.5600"
"2014/07/18","54.8900","300681.0000","54.3500","55.0100","54.1100"
"2014/07/17","54.2700","408569.0000","55.0500","55.1725","54.1800"
"2014/07/16","55.4300","417366.0000","55.7900","56.1100","55.1400"
"2014/07/15","55.6100","306789.0000","55.8500","56.1900","55.2800"
"2014/07/14","55.9800","426420.0000","56.1000","56.5700","55.6200"
"2014/07/11","56.0300","268986.0000","55.6700","56.4500","55.4400"
"2014/07/10","55.6000","495959.0000","54.8500","55.8800","54.6200"
"2014/07/09","55.6100","342757.0000","55.5000","56.0300","55.3600"
"2014/07/08","55.5100","424339.0000","56.0400","56.0400","54.9900"
"2014/07/07","56.0400","274725.0000","57.0400","57.0400","55.9400"
"2014/07/03","57.1600","138691.0000","57.4600","57.7400","57.0200"
"2014/07/02","57.3700","484627.0000","57.0000","57.8700","57.0000"
"2014/07/01","57.0600","424534.0000","56.7700","57.4600","56.7700"
"2014/06/30","56.6800","609870.0000","55.5200","56.7500","55.4200"
"2014/06/27","55.5800","1105037.0000","56.4500","56.4500","55.5200"
"2014/06/26","56.3200","336481.0000","56.7200","56.7800","56.1700"
"2014/06/25","56.6900","503851.0000","56.6200","56.8300","56.0400"
"2014/06/24","56.6800","580313.0000","57.3000","57.5650","56.4900"
"2014/06/23","57.5600","384484.0000","57.7200","58.2900","57.4300"
"2014/06/20","57.6200","1265039.0000","57.1400","57.7800","56.8800"
"2014/06/19","57.2700","875847.0000","57.3300","57.7400","56.0400"
"2014/06/18","57.3400","1901864.0000","57.2300","57.5000","57.0500"
"2014/06/17","57.2500","1436697.0000","56.8800","57.6600","56.1000"
"2014/06/16","57.1300","634287.0000","55.9300","57.3600","55.8401"
"2014/06/13","56.0900","545122.0000","56.2600","56.2600","55.9000"
"2014/06/12","56.1200","1780223.0000","56.1800","56.5600","55.8900"
"2014/06/11","56.3400","625555.0000","56.4000","56.4200","55.9800"
"2014/06/10","56.7300","618137.0000","56.2400","56.7500","55.9500"
"2014/06/09","56.3500","850417.0000","55.9700","56.8100","55.6200"
"2014/06/06","55.8300","965392.0000","54.4300","56.0900","54.3700"
"2014/06/05","54.3100","608866.0000","53.2000","54.3350","52.9000"
"2014/06/04","53.1500","621100.0000","52.2700","53.3100","52.2300"
"2014/06/03","52.4100","451861.0000","51.3000","52.7400","51.3000"
"2014/06/02","52.0700","646459.0000","52.7700","52.7700","52.0400"
"2014/05/30","52.3900","400272.0000","53.4900","53.5100","52.3300"
"2014/05/29","53.5200","815596.0000","52.9400","53.8600","52.9400"
"2014/05/28","52.9400","523700.0000","52.6200","53.2600","52.4600"
"2014/05/27","52.4700","331609.0000","52.4900","52.8400","52.3329"
"2014/05/23","52.4600","451783.0000","51.7300","52.5900","51.3300"
"2014/05/22","51.4900","501053.0000","50.6500","51.8400","50.3200"
"2014/05/21","50.7100","338541.0000","50.5200","51.0290","50.4000"
"2014/05/20","50.5000","1543594.0000","49.8700","50.5400","49.7500"
"2014/05/19","50.2100","653455.0000","49.3000","50.3600","49.2700"
"2014/05/16","49.2800","719489.0000","48.3200","49.4300","48.1500"
"2014/05/15","48.2900","738394.0000","49.5200","49.7400","47.9800"
"2014/05/14","49.7900","470669.0000","50.3000","50.4300","49.7400"
"2014/05/13","50.4800","638715.0000","50.5000","50.7200","50.3250"
"2014/05/12","50.4800","586091.0000","50.0500","50.8400","50.0500"
"2014/05/09","50.0000","489066.0000","49.2000","50.1600","48.6700"
"2014/05/08","49.3600","530588.0000","49.6000","50.4000","49.1100"
"2014/05/07","49.9300","597954.0000","49.8900","50.3200","49.3431"
"2014/05/06","49.8900","595985.0000","49.9500","50.1600","49.5500"
"2014/05/05","50.0600","413847.0000","50.2800","50.5200","49.5700"
"2014/05/02","50.7000","478976.0000","51.1800","51.7400","50.2500"
"2014/05/01","51.2500","722131.0000","51.0000","51.8600","49.4800"
"2014/04/30","49.3500","481138.0000","49.0000","49.4600","48.4400"
"2014/04/29","48.9000","441963.0000","48.9600","49.4300","48.4600"
"2014/04/28","48.8200","605415.0000","49.8400","50.0800","48.4500"
"2014/04/25","49.5400","290295.0000","49.9500","50.3880","49.3700"
"2014/04/24","50.2400","659763.0000","50.6200","50.7800","49.7150"
"2014/04/23","50.4000","507787.0000","50.8900","50.9600","49.9760"
"2014/04/22","51.0000","422506.0000","50.7100","51.1500","50.3600"
"2014/04/21","50.6300","225730.0000","49.9800","50.6500","49.6000"
"2014/04/17","50.1500","427218.0000","50.0700","50.5400","49.4300"
"2014/04/16","50.2300","254039.0000","50.1600","50.7180","49.8400"
"2014/04/15","49.9600","419347.0000","49.8800","50.4300","48.9300"
"2014/04/14","49.7700","605892.0000","50.2800","50.6100","49.1800"
"2014/04/11","50.0100","1184552.0000","50.5300","50.9000","49.8600"
"2014/04/10","50.6800","1488526.0000","51.5200","51.7900","50.1200"
"2014/04/09","51.5000","1212781.0000","51.4600","51.5900","51.2300"
"2014/04/08","51.4100","1213699.0000","51.3400","51.7800","50.8100"
"2014/04/07","51.6200","1054236.0000","53.7100","54.0000","51.5300"
"2014/04/04","53.7300","491961.0000","54.8200","55.3500","53.0000"
"2014/04/03","54.9500","427889.0000","54.7700","55.0000","54.5800"
"2014/04/02","54.6700","500465.0000","53.9200","54.8100","53.5900"
"2014/04/01","53.9200","593593.0000","52.4400","54.0550","52.2900"
"2014/03/31","52.1700","334553.0000","52.3800","52.5800","51.9100"
"2014/03/28","52.1600","346059.0000","51.6200","52.4350","51.5400"
"2014/03/27","51.4500","492923.0000","51.8700","51.9700","51.1900"
"2014/03/26","52.0400","691127.0000","53.3200","53.5000","52.0100"
"2014/03/25","53.2100","707955.0000","53.7000","53.9000","53.1650"
"2014/03/24","53.4700","895623.0000","54.0000","54.2300","53.0400"
"2014/03/21","53.8100","1356839.0000","54.3800","54.8100","53.7400"
"2014/03/20","54.1700","628145.0000","53.4100","54.2200","52.8200"
"2014/03/19","53.2800","645041.0000","53.1800","54.0000","52.9200"
"2014/03/18","53.2800","881360.0000","52.9450","53.4875","52.7100"
"2014/03/17","52.9600","1011703.0000","53.4400","53.8250","52.9300"
"2014/03/14","53.3000","1071799.0000","53.6200","53.9500","53.2500"
"2014/03/13","53.6000","946442.0000","54.4600","54.7100","53.1310"
"2014/03/12","54.2800","1255458.0000","54.4200","54.7400","52.7700"
"2014/03/11","54.5000","874684.0000","53.4900","54.8000","53.4500"
"2014/03/10","53.2900","1155349.0000","53.2000","53.6700","52.2400"
"2014/03/07","53.3900","776145.0000","53.4400","53.7800","52.5900"
"2014/03/06","53.1900","617421.0000","53.9900","54.1000","53.0400"
"2014/03/05","53.9500","394973.0000","53.9000","54.3120","53.3800"
"2014/03/04","54.0000","1189909.0000","53.7100","55.0000","53.4800"
"2014/03/03","53.4900","659634.0000","54.6700","54.9300","53.0800"
"2014/02/28","54.3500","1198525.0000","55.0900","55.3200","53.8200"
"2014/02/27","55.3500","1139863.0000","54.6900","55.5300","54.2100"
"2014/02/26","54.6600","1880124.0000","54.8300","55.7800","54.1800"
"2014/02/25","54.5600","1117594.0000","53.0000","54.5800","52.9301"
"2014/02/24","52.8600","668473.0000","52.3600","53.1100","52.3600"
"2014/02/21","52.3700","2198698.0000","51.7500","52.7900","51.7500"
"2014/02/20","51.5200","2623555.0000","50.2300","52.7800","49.1000"
"2014/02/19","49.1600","1076067.0000","49.8400","50.3400","49.0300"
"2014/02/18","50.1100","2748462.0000","49.7200","50.8600","49.7200"
"2014/02/14","49.6300","891951.0000","50.1500","50.2500","49.5900"
"2014/02/13","50.1200","694986.0000","49.9800","50.4350","49.5900"
"2014/02/12","50.0000","1405279.0000","49.9200","51.0000","49.7275"
"2014/02/11","49.8900","1446070.0000","49.7300","50.4100","49.3300"
"2014/02/10","49.8400","763357.0000","49.9900","50.1200","49.4500"
"2014/02/07","49.9400","1837821.0000","49.3300","50.2699","49.3300"
"2014/02/06","49.2400","1168384.0000","47.5000","49.2700","47.5000"
"2014/02/05","47.6000","823106.0000","47.8400","48.6500","47.1520"
"2014/02/04","48.0500","891295.0000","47.4400","48.4800","47.3164"
"2014/02/03","47.4400","1184839.0000","49.3500","49.9400","47.2000"
"2014/01/31","49.3500","2011057.0000","49.2500","49.9600","49.0300"
"2014/01/30","49.4200","1247052.0000","47.9100","49.6300","47.8300"
"2014/01/29","47.7800","800799.0000","47.3500","48.4800","47.1301"
"2014/01/28","47.7300","721686.0000","46.7700","47.8800","46.7700"
"2014/01/27","46.6000","717829.0000","45.2000","48.0000","45.2000"
"2014/01/24","46.8400","1417529.0000","47.6200","47.7100","45.8275"
"2014/01/23","47.7200","867599.0000","48.6800","48.6800","47.5800"
"2014/01/22","48.5100","682208.0000","48.1100","49.1600","48.0800"
"2014/01/21","48.1700","1570433.0000","49.3800","49.3800","47.9400"
"2014/01/17","48.0000","1572137.0000","47.5200","48.2400","47.0000"
"2014/01/16","47.4000","1178666.0000","47.2800","47.6800","47.0400"
"2014/01/15","47.5000","1732951.0000","47.9700","49.1900","47.2600"
"2014/01/14","47.8000","2338221.0000","47.1600","47.8940","46.9100"
"2014/01/13","47.0400","2278501.0000","45.7000","47.4400","45.2000"
"2014/01/10","45.7300","2008621.0000","44.1700","46.0800","44.0200"
"2014/01/09","44.1300","1093527.0000","43.8900","44.2500","43.8400"
"2014/01/08","43.8800","1407140.0000","44.0200","44.3600","43.4000"
"2014/01/07","43.8700","1371252.0000","42.1600","43.9800","42.1600"
"2014/01/06","43.6800","597834.0000","43.9700","43.9800","43.3700"
"2014/01/03","43.9600","378396.0000","43.5700","44.3200","43.1700"
"2014/01/02","43.6500","992872.0000","44.0800","44.1800","43.2700"
"2013/12/31","44.1900","874161.0000","44.2300","44.5000","43.7600"
"2013/12/30","44.1200","381478.0000","44.4500","44.8800","44.0000"
"2013/12/27","44.6400","393256.0000","44.7700","44.9700","44.0900"
"2013/12/26","44.7000","513177.0000","44.8600","45.0100","44.4400"
"2013/12/24","44.5800","304706.0000","44.7600","45.0200","44.2500"
"2013/12/23","44.6500","773644.0000","44.1700","44.8500","43.5500"
"2013/12/20","44.2600","2878557.0000","44.3000","44.4500","43.9100"
"2013/12/19","44.4500","593011.0000","43.9600","44.5000","43.8200"
"2013/12/18","44.2700","1225195.0000","43.6500","44.5000","43.1000"
"2013/12/17","43.7500","1396738.0000","43.4300","44.0000","43.1600"
"2013/12/16","43.6900","1953878.0000","43.0100","43.9900","42.1100"
"2013/12/13","43.2500","683791.0000","42.9200","43.8000","42.9200"
"2013/12/12","42.9700","1770490.0000","42.0100","43.1000","42.0000"
"2013/12/11","42.4600","3367890.0000","42.3200","43.0150","42.0000"
"2013/12/10","42.5600","3289354.0000","41.0700","42.8400","41.0400"
"2013/12/09","41.1800","3073953.0000","40.7000","41.2700","40.2400"
"2013/12/06","40.7000","4662340.0000","40.7500","41.0600","40.6400"
"2013/12/05","41.0500","3380502.0000","42.2800","42.2800","40.6300"
"2013/12/04","41.8300","2776244.0000","42.4300","42.6050","41.6501"
"2013/12/03","42.9000","3239252.0000","42.8000","44.9000","42.7000"
"2013/12/02","43.1400","5129245.0000","43.9000","44.7400","41.5200"
"2013/11/29","43.2400","949924.0000","42.7500","43.8500","42.7500"
"2013/11/27","43.2400","1153343.0000","43.5500","43.5500","42.5000"
"2013/11/26","43.2000","873717.0000","45.0000","45.0000","43.0400"
"2013/11/25","44.1800","727314.0000","44.2800","45.6200","43.7000"
"2013/11/22","43.9900","947693.0000","43.9000","44.1000","43.2500"
"2013/11/21","43.7900","730214.0000","44.5000","45.1500","43.0400"
"2013/11/20","44.6500","1106908.0000","45.9800","46.0000","43.9900"
"2013/11/19","45.8000","1682041.0000","48.9900","49.0000","45.3000"
"2013/11/18","48.4750","587184.0000","49.7500","50.0000","47.4900"
